1,Jérémie,Facebook.com,https://facebook.com,122499oiukjdfk,17-11-2020 20:32:38,17-11-2020 20:32:38
2,Olaf,Instagram.com,https://instagram.com,!!!!!!!ukjdfk,17-11-2020 20:32:38,17-11-2020 20:32:38
3,Mersid,Twitter.com,https://Twitter.com,@@@@@oiukjdfk,17-11-2020 20:32:38,17-11-2020 20:32:38
101,Jérémie,Facebook.com,https://facebook.com,122499oiukjdfk,17-11-2020 20:33:41,17-11-2020 20:33:41
102,Olaf,Instagram.com,https://instagram.com,!!!!!!!ukjdfk,17-11-2020 20:33:42,17-11-2020 20:33:42
103,Mersid,Twitter.com,https://Twitter.com,@@@@@oiukjdfk,17-11-2020 20:33:42,17-11-2020 20:33:42
201,Jérémie,Facebook.com,https://facebook.com,122499oiukjdfk,17-11-2020 20:34:13,17-11-2020 20:34:13
202,Olaf,Instagram.com,https://instagram.com,!!!!!!!ukjdfk,17-11-2020 20:34:13,17-11-2020 20:34:13
203,Mersid,Twitter.com,https://Twitter.com,@@@@@oiukjdfk,17-11-2020 20:34:13,17-11-2020 20:34:13
301,Jérémie,Facebook.com,https://facebook.com,122499oiukjdfk,17-11-2020 20:38:08,17-11-2020 20:38:08
302,Olaf,Instagram.com,https://instagram.com,!!!!!!!ukjdfk,17-11-2020 20:38:09,17-11-2020 20:38:09
303,Mersid,Twitter.com,https://Twitter.com,@@@@@oiukjdfk,17-11-2020 20:38:09,17-11-2020 20:38:09
401,Jérémie,Facebook.com,https://facebook.com,122499oiukjdfk,17-11-2020 21:29:13,17-11-2020 21:29:13
402,Olaf,Instagram.com,https://instagram.com,!!!!!!!ukjdfk,17-11-2020 21:29:13,17-11-2020 21:29:13
403,Mersid,Twitter.com,https://Twitter.com,@@@@@oiukjdfk,17-11-2020 21:29:13,17-11-2020 21:29:13
501,Jérémie,Facebook.com,https://facebook.com,122499oiukjdfk,17-11-2020 21:30:39,17-11-2020 21:30:39
502,Olaf,Instagram.com,https://instagram.com,!!!!!!!ukjdfk,17-11-2020 21:30:39,17-11-2020 21:30:39
503,Mersid,Twitter.com,https://Twitter.com,@@@@@oiukjdfk,17-11-2020 21:30:39,17-11-2020 21:30:39
601,Jérémie,Facebook.com,https://facebook.com,122499oiukjdfk,17-11-2020 21:31:16,17-11-2020 21:31:16
602,Olaf,Instagram.com,https://instagram.com,!!!!!!!ukjdfk,17-11-2020 21:31:16,17-11-2020 21:31:16
603,Jonas,Twitter.com,https://Twitter.com,@@@@@oiukjdfk,17-11-2020 21:31:16,17-11-2020 21:31:16
701,Jérémie,Facebook.com,https://facebook.com,122499oiukjdfk,17-11-2020 21:32:10,17-11-2020 21:32:10
702,Olaf,Instagram.com,https://instagram.com,!!!!!!!ukjdfk,17-11-2020 21:32:10,17-11-2020 21:32:10
703,Jonas,Twitter.com,https://Twitter.com,@@@@@oiukjdfk,17-11-2020 21:32:10,17-11-2020 21:32:10
801,Jérémie,Facebook.com,https://facebook.com,122499oiukjdfk,17-11-2020 21:41:09,17-11-2020 21:41:09
802,Olaf,Instagram.com,https://instagram.com,!!!!!!!ukjdfk,17-11-2020 21:41:09,17-11-2020 21:41:09
803,Jonas,Twitter.com,https://Twitter.com,@@@@@oiukjdfk,17-11-2020 21:41:09,17-11-2020 21:41:09
901,Jérémie,Facebook.com,https://facebook.com,122499oiukjdfk,17-11-2020 21:42:13,17-11-2020 21:42:13
902,Olaf,Instagram.com,https://instagram.com,!!!!!!!ukjdfk,17-11-2020 21:42:13,17-11-2020 21:42:13
903,Jonas,Twitter.com,https://Twitter.com,@@@@@oiukjdfk,17-11-2020 21:42:13,17-11-2020 21:42:13
1001,Jérémie,Facebook.com,https://facebook.com,122499oiukjdfk,17-11-2020 21:45:43,17-11-2020 21:45:43
1002,Olaf,Instagram.com,https://instagram.com,!!!!!!!ukjdfk,17-11-2020 21:45:44,17-11-2020 21:45:44
1003,Jonas,Twitter.com,https://Twitter.com,@@@@@oiukjdfk,17-11-2020 21:45:44,17-11-2020 21:45:44
1101,Jérémie,Facebook.com,https://facebook.com,122499oiukjdfk,17-11-2020 21:54:27,17-11-2020 21:54:27
1102,Olaf,Instagram.com,https://instagram.com,!!!!!!!ukjdfk,17-11-2020 21:54:27,17-11-2020 21:54:27
1103,Jonas,Twitter.com,https://Twitter.com,@@@@@oiukjdfk,17-11-2020 21:54:27,17-11-2020 21:54:27
1201,Jérémie,Facebook.com,https://facebook.com,122499oiukjdfk,17-11-2020 21:55:31,17-11-2020 21:55:31
1202,Olaf,Instagram.com,https://instagram.com,!!!!!!!ukjdfk,17-11-2020 21:55:31,17-11-2020 21:55:31
1203,Jonas,Twitter.com,https://Twitter.com,@@@@@oiukjdfk,17-11-2020 21:55:31,17-11-2020 21:55:31
1301,Jérémie,Facebook.com,https://facebook.com,122499oiukjdfk,17-11-2020 22:03:51,17-11-2020 22:03:51
1302,Olaf,Instagram.com,https://instagram.com,!!!!!!!ukjdfk,17-11-2020 22:03:51,17-11-2020 22:03:51
1303,Jonas,Twitter.com,https://Twitter.com,@@@@@oiukjdfk,17-11-2020 22:03:51,17-11-2020 22:03:51
1401,Jérémie,Facebook.com,https://facebook.com,122499oiukjdfk,17-11-2020 22:31:55,17-11-2020 22:31:55
1402,Olaf,Instagram.com,https://instagram.com,!!!!!!!ukjdfk,17-11-2020 22:31:56,17-11-2020 22:31:56
1403,Jonas,Twitter.com,https://Twitter.com,@@@@@oiukjdfk,17-11-2020 22:31:56,17-11-2020 22:31:56
1501,Jérémie,Facebook.com,https://facebook.com,122499oiukjdfk,17-11-2020 22:40:40,17-11-2020 22:40:40
1502,Olaf,Instagram.com,https://instagram.com,!!!!!!!ukjdfk,17-11-2020 22:40:40,17-11-2020 22:40:40
1503,Jonas,Twitter.com,https://Twitter.com,@@@@@oiukjdfk,17-11-2020 22:40:40,17-11-2020 22:40:40
1601,Jérémie,Facebook.com,https://facebook.com,122499oiukjdfk,17-11-2020 22:42:15,17-11-2020 22:42:15
1602,Olaf,Instagram.com,https://instagram.com,!!!!!!!ukjdfk,17-11-2020 22:42:16,17-11-2020 22:42:16
1603,Jonas,Twitter.com,https://Twitter.com,@@@@@oiukjdfk,17-11-2020 22:42:16,17-11-2020 22:42:16
1701,Jérémie,Facebook.com,https://facebook.com,122499oiukjdfk,17-11-2020 22:43:59,17-11-2020 22:43:59
1702,Olaf,Instagram.com,https://instagram.com,!!!!!!!ukjdfk,17-11-2020 22:43:59,17-11-2020 22:43:59
1703,Jonas,Twitter.com,https://Twitter.com,@@@@@oiukjdfk,17-11-2020 22:43:59,17-11-2020 22:43:59
1801,Jérémie,Facebook.com,https://facebook.com,122499oiukjdfk,17-11-2020 22:45:13,17-11-2020 22:45:13
1802,Olaf,Instagram.com,https://instagram.com,!!!!!!!ukjdfk,17-11-2020 22:45:14,17-11-2020 22:45:14
1803,Jonas,Twitter.com,https://Twitter.com,@@@@@oiukjdfk,17-11-2020 22:45:14,17-11-2020 22:45:14
1901,Jérémie,Facebook.com,https://facebook.com,122499oiukjdfk,17-11-2020 22:47:32,17-11-2020 22:47:32
1902,Olaf,Instagram.com,https://instagram.com,!!!!!!!ukjdfk,17-11-2020 22:47:33,17-11-2020 22:47:33
1903,Jonas,Twitter.com,https://Twitter.com,@@@@@oiukjdfk,17-11-2020 22:47:33,17-11-2020 22:47:33
2001,Jérémie,Facebook.com,https://facebook.com,122499oiukjdfk,17-11-2020 22:52:00,17-11-2020 22:52:00
2002,Olaf,Instagram.com,https://instagram.com,!!!!!!!ukjdfk,17-11-2020 22:52:01,17-11-2020 22:52:01
2003,Jonas,Twitter.com,https://Twitter.com,@@@@@oiukjdfk,17-11-2020 22:52:01,17-11-2020 22:52:01
2101,Jérémie,Facebook.com,https://facebook.com,122499oiukjdfk,17-11-2020 22:52:37,17-11-2020 22:52:37
2102,Olaf,Instagram.com,https://instagram.com,!!!!!!!ukjdfk,17-11-2020 22:52:38,17-11-2020 22:52:38
2103,Jonas,Twitter.com,https://Twitter.com,@@@@@oiukjdfk,17-11-2020 22:52:38,17-11-2020 22:52:38
2201,Jérémie,Facebook.com,https://facebook.com,122499oiukjdfk,17-11-2020 23:14:54,17-11-2020 23:14:54
2202,Olaf,Instagram.com,https://instagram.com,!!!!!!!ukjdfk,17-11-2020 23:14:55,17-11-2020 23:14:55
2203,Jonas,Twitter.com,https://Twitter.com,@@@@@oiukjdfk,17-11-2020 23:14:55,17-11-2020 23:14:55
2301,Jérémie,Facebook.com,https://facebook.com,122499oiukjdfk,17-11-2020 23:17:20,17-11-2020 23:17:20
2302,Olaf,Instagram.com,https://instagram.com,!!!!!!!ukjdfk,17-11-2020 23:17:20,17-11-2020 23:17:20
2303,Jonas,Twitter.com,https://Twitter.com,@@@@@oiukjdfk,17-11-2020 23:17:20,17-11-2020 23:17:20
2401,Jérémie,Facebook.com,https://facebook.com,122499oiukjdfk,17-11-2020 23:19:43,17-11-2020 23:19:43
2402,Olaf,Instagram.com,https://instagram.com,!!!!!!!ukjdfk,17-11-2020 23:19:44,17-11-2020 23:19:44
2403,Jonas,Twitter.com,https://Twitter.com,@@@@@oiukjdfk,17-11-2020 23:19:44,17-11-2020 23:19:44
2501,Jérémie,Facebook.com,https://facebook.com,122499oiukjdfk,17-11-2020 23:22:15,17-11-2020 23:22:15
2502,Olaf,Instagram.com,https://instagram.com,!!!!!!!ukjdfk,17-11-2020 23:22:15,17-11-2020 23:22:15
2503,Jonas,Twitter.com,https://Twitter.com,@@@@@oiukjdfk,17-11-2020 23:22:15,17-11-2020 23:22:15
2504,jeremie,facebook,facebook.com,1234,17-11-2020 23:22:32,17-11-2020 23:22:32
2505,jeremie,facebook,facebook.com,1234,17-11-2020 23:22:40,17-11-2020 23:22:40
2506,jeremie,facebook,facebook.com,1234,17-11-2020 23:22:40,17-11-2020 23:22:40
2507,jeremie,facebook,facebook.com,1234,17-11-2020 23:22:41,17-11-2020 23:22:41
2508,jeremie,facebook,facebook.com,1234,17-11-2020 23:22:41,17-11-2020 23:22:41
2509,jeremie,facebook,facebook.com,1234,17-11-2020 23:22:41,17-11-2020 23:22:41
2601,Jérémie,Facebook.com,https://facebook.com,122499oiukjdfk,17-11-2020 23:23:20,17-11-2020 23:23:20
2602,Olaf,Instagram.com,https://instagram.com,!!!!!!!ukjdfk,17-11-2020 23:23:20,17-11-2020 23:23:20
2603,Jonas,Twitter.com,https://Twitter.com,@@@@@oiukjdfk,17-11-2020 23:23:20,17-11-2020 23:23:20
2604,jeremie,face,facebook.com,kdajfad,17-11-2020 23:23:33,17-11-2020 23:23:33
2701,Jérémie,Facebook.com,https://facebook.com,122499oiukjdfk,17-11-2020 23:27:04,17-11-2020 23:27:04
2702,Olaf,Instagram.com,https://instagram.com,!!!!!!!ukjdfk,17-11-2020 23:27:04,17-11-2020 23:27:04
2703,Jonas,Twitter.com,https://Twitter.com,@@@@@oiukjdfk,17-11-2020 23:27:04,17-11-2020 23:27:04
2704,daf,adf,adf,adf,17-11-2020 23:27:11,17-11-2020 23:27:11
2801,Jérémie,Facebook.com,https://facebook.com,122499oiukjdfk,17-11-2020 23:28:22,17-11-2020 23:28:22
2802,Olaf,Instagram.com,https://instagram.com,!!!!!!!ukjdfk,17-11-2020 23:28:23,17-11-2020 23:28:23
2803,Jonas,Twitter.com,https://Twitter.com,@@@@@oiukjdfk,17-11-2020 23:28:23,17-11-2020 23:28:23
2804,Olaf,youtube.com,https://youtube.com,password69!,17-11-2020 23:29:02,17-11-2020 23:29:02
2901,Jérémie,Facebook.com,https://facebook.com,122499oiukjdfk,17-11-2020 23:36:07,17-11-2020 23:36:07
2902,Olaf,Instagram.com,https://instagram.com,!!!!!!!ukjdfk,17-11-2020 23:36:08,17-11-2020 23:36:08
2903,Jonas,Twitter.com,https://Twitter.com,@@@@@oiukjdfk,17-11-2020 23:36:08,17-11-2020 23:36:08
3001,Jérémie,Facebook.com,https://facebook.com,122499oiukjdfk,18-11-2020 11:54:19,18-11-2020 11:54:19
3002,Olaf,Instagram.com,https://instagram.com,!!!!!!!ukjdfk,18-11-2020 11:54:19,18-11-2020 11:54:19
3003,Jonas,Twitter.com,https://Twitter.com,@@@@@oiukjdfk,18-11-2020 11:54:19,18-11-2020 11:54:19
3101,Jérémie,Facebook.com,https://facebook.com,122499oiukjdfk,18-11-2020 11:57:07,18-11-2020 11:57:07
3102,Olaf,Instagram.com,https://instagram.com,!!!!!!!ukjdfk,18-11-2020 11:57:07,18-11-2020 11:57:07
3103,Jonas,Twitter.com,https://Twitter.com,@@@@@oiukjdfk,18-11-2020 11:57:07,18-11-2020 11:57:07
3201,Jérémie,Facebook.com,https://facebook.com,122499oiukjdfk,18-11-2020 12:00:02,18-11-2020 12:00:02
3202,Olaf,Instagram.com,https://instagram.com,!!!!!!!ukjdfk,18-11-2020 12:00:02,18-11-2020 12:00:02
3203,Jonas,Twitter.com,https://Twitter.com,@@@@@oiukjdfk,18-11-2020 12:00:02,18-11-2020 12:00:02
3204,"","","",",,G7)FzCo",18-11-2020 12:00:23,18-11-2020 12:00:23
3301,test von olaf mit dem pw gen,auch ein Test,und test,t|l&3j1e),18-11-2020 12:05:20,18-11-2020 12:05:20
3401,Jérémie,Facebook.com,https://facebook.com,122499oiukjdfk,18-11-2020 12:06:49,18-11-2020 12:06:49
3402,Olaf,Instagram.com,https://instagram.com,!!!!!!!ukjdfk,18-11-2020 12:06:49,18-11-2020 12:06:49
3403,Jonas,Twitter.com,https://Twitter.com,@@@@@oiukjdfk,18-11-2020 12:06:49,18-11-2020 12:06:49
3501,Jérémie,Facebook.com,https://facebook.com,122499oiukjdfk,18-11-2020 12:07:26,18-11-2020 12:07:26
3502,Olaf,Instagram.com,https://instagram.com,!!!!!!!ukjdfk,18-11-2020 12:07:26,18-11-2020 12:07:26
3503,Jonas,Twitter.com,https://Twitter.com,@@@@@oiukjdfk,18-11-2020 12:07:26,18-11-2020 12:07:26
3601,Jérémie,Facebook.com,https://facebook.com,122499oiukjdfk,18-11-2020 12:09:02,18-11-2020 12:09:02
3602,Olaf,Instagram.com,https://instagram.com,!!!!!!!ukjdfk,18-11-2020 12:09:02,18-11-2020 12:09:02
3603,Jonas,Twitter.com,https://Twitter.com,@@@@@oiukjdfk,18-11-2020 12:09:02,18-11-2020 12:09:02
3701,Jérémie,Facebook.com,https://facebook.com,122499oiukjdfk,18-11-2020 12:50:26,18-11-2020 12:50:26
3702,Olaf,Instagram.com,https://instagram.com,!!!!!!!ukjdfk,18-11-2020 12:50:26,18-11-2020 12:50:26
3703,Jonas,Twitter.com,https://Twitter.com,@@@@@oiukjdfk,18-11-2020 12:50:26,18-11-2020 12:50:26
3801,Jérémie,Facebook.com,https://facebook.com,122499oiukjdfk,18-11-2020 13:11:56,18-11-2020 13:11:56
3802,Olaf,Instagram.com,https://instagram.com,!!!!!!!ukjdfk,18-11-2020 13:11:56,18-11-2020 13:11:56
3803,Jonas,Twitter.com,https://Twitter.com,@@@@@oiukjdfk,18-11-2020 13:11:56,18-11-2020 13:11:56
3901,Jérémie,Facebook.com,https://facebook.com,122499oiukjdfk,18-11-2020 13:27:08,18-11-2020 13:27:08
3902,Olaf,Instagram.com,https://instagram.com,!!!!!!!ukjdfk,18-11-2020 13:27:08,18-11-2020 13:27:08
3903,Jonas,Twitter.com,https://Twitter.com,@@@@@oiukjdfk,18-11-2020 13:27:08,18-11-2020 13:27:08
4001,Jérémie,Facebook.com,https://facebook.com,122499oiukjdfk,18-11-2020 13:42:07,18-11-2020 13:42:07
4002,Olaf,Instagram.com,https://instagram.com,!!!!!!!ukjdfk,18-11-2020 13:42:07,18-11-2020 13:42:07
4003,Jonas,Twitter.com,https://Twitter.com,@@@@@oiukjdfk,18-11-2020 13:42:07,18-11-2020 13:42:07
4101,Jérémie,Facebook.com,https://facebook.com,122499oiukjdfk,18-11-2020 14:01:54,18-11-2020 14:01:54
4102,Olaf,Instagram.com,https://instagram.com,!!!!!!!ukjdfk,18-11-2020 14:01:54,18-11-2020 14:01:54
4103,Jonas,Twitter.com,https://Twitter.com,@@@@@oiukjdfk,18-11-2020 14:01:54,18-11-2020 14:01:54
4201,Jérémie,Facebook.com,https://facebook.com,122499oiukjdfk,18-11-2020 14:50:04,18-11-2020 14:50:04
4202,Olaf,Instagram.com,https://instagram.com,!!!!!!!ukjdfk,18-11-2020 14:50:05,18-11-2020 14:50:05
4203,Jonas,Twitter.com,https://Twitter.com,@@@@@oiukjdfk,18-11-2020 14:50:05,18-11-2020 14:50:05
4301,Jérémie,Facebook.com,https://facebook.com,122499oiukjdfk,18-11-2020 14:53:54,18-11-2020 14:53:54
4302,Olaf,Instagram.com,https://instagram.com,!!!!!!!ukjdfk,18-11-2020 14:53:54,18-11-2020 14:53:54
4303,Jonas,Twitter.com,https://Twitter.com,@@@@@oiukjdfk,18-11-2020 14:53:54,18-11-2020 14:53:54
4401,Jérémie,Facebook.com,https://facebook.com,122499oiukjdfk,18-11-2020 14:59:18,18-11-2020 14:59:18
4402,Olaf,Instagram.com,https://instagram.com,!!!!!!!ukjdfk,18-11-2020 14:59:19,18-11-2020 14:59:19
4403,Jonas,Twitter.com,https://Twitter.com,@@@@@oiukjdfk,18-11-2020 14:59:19,18-11-2020 14:59:19
4501,Jérémie,Facebook.com,https://facebook.com,122499oiukjdfk,18-11-2020 15:41:52,18-11-2020 15:41:52
4502,Olaf,Instagram.com,https://instagram.com,!!!!!!!ukjdfk,18-11-2020 15:41:52,18-11-2020 15:41:52
4503,Jonas,Twitter.com,https://Twitter.com,@@@@@oiukjdfk,18-11-2020 15:41:52,18-11-2020 15:41:52
4601,Jérémie,Facebook.com,https://facebook.com,122499oiukjdfk,18-11-2020 15:54:13,18-11-2020 15:54:13
4602,Olaf,Instagram.com,https://instagram.com,!!!!!!!ukjdfk,18-11-2020 15:54:13,18-11-2020 15:54:13
4603,Jonas,Twitter.com,https://Twitter.com,@@@@@oiukjdfk,18-11-2020 15:54:13,18-11-2020 15:54:13
4701,Jérémie,Facebook.com,https://facebook.com,122499oiukjdfk,18-11-2020 15:54:36,18-11-2020 15:54:36
4702,Olaf,Instagram.com,https://instagram.com,!!!!!!!ukjdfk,18-11-2020 15:54:36,18-11-2020 15:54:36
4703,Jonas,Twitter.com,https://Twitter.com,@@@@@oiukjdfk,18-11-2020 15:54:36,18-11-2020 15:54:36
4801,Jérémie,Facebook.com,https://facebook.com,122499oiukjdfk,18-11-2020 15:56:13,18-11-2020 15:56:13
4802,Olaf,Instagram.com,https://instagram.com,!!!!!!!ukjdfk,18-11-2020 15:56:14,18-11-2020 15:56:14
4803,Jonas,Twitter.com,https://Twitter.com,@@@@@oiukjdfk,18-11-2020 15:56:14,18-11-2020 15:56:14
4901,Jérémie,Facebook.com,https://facebook.com,122499oiukjdfk,18-11-2020 15:56:28,18-11-2020 15:56:28
4902,Olaf,Instagram.com,https://instagram.com,!!!!!!!ukjdfk,18-11-2020 15:56:28,18-11-2020 15:56:28
4903,Jonas,Twitter.com,https://Twitter.com,@@@@@oiukjdfk,18-11-2020 15:56:28,18-11-2020 15:56:28
5001,Jérémie,Facebook.com,https://facebook.com,122499oiukjdfk,18-11-2020 16:06:26,18-11-2020 16:06:26
5002,Olaf,Instagram.com,https://instagram.com,!!!!!!!ukjdfk,18-11-2020 16:06:26,18-11-2020 16:06:26
5003,Jonas,Twitter.com,https://Twitter.com,@@@@@oiukjdfk,18-11-2020 16:06:26,18-11-2020 16:06:26
5101,Jérémie,Facebook.com,https://facebook.com,122499oiukjdfk,18-11-2020 16:11:05,18-11-2020 16:11:05
5102,Olaf,Instagram.com,https://instagram.com,!!!!!!!ukjdfk,18-11-2020 16:11:05,18-11-2020 16:11:05
5103,Jonas,Twitter.com,https://Twitter.com,@@@@@oiukjdfk,18-11-2020 16:11:05,18-11-2020 16:11:05
5201,Jérémie,Facebook.com,https://facebook.com,122499oiukjdfk,18-11-2020 16:19:19,18-11-2020 16:19:19
5202,Olaf,Instagram.com,https://instagram.com,!!!!!!!ukjdfk,18-11-2020 16:19:19,18-11-2020 16:19:19
5203,Jonas,Twitter.com,https://Twitter.com,@@@@@oiukjdfk,18-11-2020 16:19:19,18-11-2020 16:19:19
5301,Jérémie,Facebook.com,https://facebook.com,122499oiukjdfk,18-11-2020 16:21:16,18-11-2020 16:21:16
5302,Olaf,Instagram.com,https://instagram.com,!!!!!!!ukjdfk,18-11-2020 16:21:16,18-11-2020 16:21:16
5303,Jonas,Twitter.com,https://Twitter.com,@@@@@oiukjdfk,18-11-2020 16:21:16,18-11-2020 16:21:16
5401,Jérémie,Facebook.com,https://facebook.com,122499oiukjdfk,18-11-2020 16:39:15,18-11-2020 16:39:15
5402,Olaf,Instagram.com,https://instagram.com,!!!!!!!ukjdfk,18-11-2020 16:39:15,18-11-2020 16:39:15
5403,Jonas,Twitter.com,https://Twitter.com,@@@@@oiukjdfk,18-11-2020 16:39:15,18-11-2020 16:39:15
5501,Jérémie,Facebook.com,https://facebook.com,122499oiukjdfk,18-11-2020 20:05:48,18-11-2020 20:05:48
5502,Olaf,Instagram.com,https://instagram.com,!!!!!!!ukjdfk,18-11-2020 20:05:48,18-11-2020 20:05:48
5503,Jonas,Twitter.com,https://Twitter.com,@@@@@oiukjdfk,18-11-2020 20:05:48,18-11-2020 20:05:48
5601,Jérémie,Facebook.com,https://facebook.com,122499oiukjdfk,18-11-2020 20:06:54,18-11-2020 20:06:54
5602,Olaf,Instagram.com,https://instagram.com,!!!!!!!ukjdfk,18-11-2020 20:06:54,18-11-2020 20:06:54
5603,Jonas,Twitter.com,https://Twitter.com,@@@@@oiukjdfk,18-11-2020 20:06:54,18-11-2020 20:06:54
5701,test,test,test,asdfadf,,
5801,encryptionTest,nix,nix,UgJpHv1VWlnf81dKqj98Ni5oYdNIl5of7HIlYXbLmzv3ijVytOqQ6rcXL1VvhUou,,
5802,encryptionTest,nix,nix,Fln610IGH9WU9eb6w9LDyVJIblbQ6QhltuBzVCALfSI4z+CQUe3+YO8jnlilPHLD,,
5901,d,d,d,m0ACLvmX92f52lJL+lIASUzTZq6yBN+owjB+czjh5pjVvZ1uy54Ou9zbcKGPTBU=,,
